{
    "loss": 0.3199749290943146,
    "accuracy": 0.987500011920929
}